Date,High,Low,Open,Close,Volume,Adj Close,close,EMA5,EMA10,MACD,MACDsignal,MACDhist,k,d,upperband,middleband,lowerband,predict
2021-02-24,636.0,625.0,627.0,625.0,66206750.0,611.2151489257812,625.0,,,,,,,,,,,0
2021-02-25,636.0,628.0,636.0,635.0,43231417.0,620.9945068359375,635.0,,,,,,,,,,,0
2021-02-26,618.0,606.0,611.0,606.0,111861175.0,592.63427734375,606.0,,,,,,,,,,,0
2021-03-02,622.0,609.0,621.0,609.0,54041533.0,595.5680541992188,609.0,,,,,,,,,,,0
2021-03-03,622.0,601.0,609.0,622.0,48252965.0,608.2813110351562,622.0,619.4,,,,,,,640.739165869361,619.4,598.0608341306389,0
2021-03-04,611.0,601.0,609.0,601.0,67711962.0,587.7445068359375,601.0,613.2666666666667,,,,,,,639.2771149042987,614.6,589.9228850957013,0
2021-03-05,605.0,584.0,588.0,601.0,79918467.0,587.7445068359375,601.0,609.1777777777778,,,,,,,623.2609184720714,607.8,592.3390815279286,0
2021-03-08,610.0,598.0,608.0,598.0,43219772.0,584.8106689453125,598.0,605.4518518518519,,,,,,,623.6080441175856,606.2,588.7919558824145,1
2021-03-09,595.0,585.0,585.0,595.0,68768861.0,581.8768310546875,595.0,601.9679012345679,,,,,,,622.5248529406113,603.4,584.2751470593887,1
2021-03-10,601.0,593.0,601.0,597.0,40146301.0,583.832763671875,597.0,600.3119341563786,608.9,,,,,,603.0647615158772,598.4,593.7352384841228,1
2021-03-11,612.0,595.0,596.0,609.0,54416046.0,595.5680541992188,609.0,603.2079561042524,608.9181818181818,,,,,,609.7979589711327,600.0,590.2020410288673,1
2021-03-12,618.0,609.0,615.0,614.0,33168846.0,600.4578247070312,614.0,606.8053040695016,609.8421487603306,,,,,,617.5986666074009,602.6,587.6013333925991,0
2021-03-15,614.0,609.0,614.0,611.0,27416758.0,597.52392578125,611.0,608.2035360463344,610.0526671675432,,,,71.9298245614035,55.27440395861448,620.6090882274048,605.2,589.7909117725953,0
2021-03-16,613.0,607.0,610.0,613.0,36949425.0,599.4799194335938,613.0,609.802357364223,610.5885458643535,,,,78.4313725490196,68.98004815961473,621.0898331966007,608.8,596.5101668033992,0
2021-03-17,612.0,602.0,612.0,604.0,39517807.0,593.09716796875,604.0,607.8682382428153,609.3906284344711,,,,71.7234262125903,74.02820777433782,617.2880180586507,610.2,603.1119819413494,0
2021-03-18,609.0,602.0,606.0,602.0,29415526.0,591.1332397460938,602.0,605.9121588285435,608.0468778100218,,,,65.21093285799168,71.78857720653387,618.548846085577,608.8,599.0511539144229,0
2021-03-19,598.0,591.0,594.0,591.0,70866028.0,580.3318481445312,591.0,600.941439219029,604.947445480927,,,,42.840166369578135,59.924841813386706,619.7640611666673,604.2,588.6359388333328,0
2021-03-22,598.0,586.0,588.0,593.0,34089033.0,582.2957763671875,593.0,598.294292812686,602.7751826662129,,,,30.523989898989907,46.19169637551991,616.5298462013849,600.6,584.6701537986152,0
2021-03-23,603.0,593.0,597.0,594.0,29374037.0,583.2777099609375,594.0,596.8628618751239,601.1796949087196,,,,21.685606060606066,31.683254109724704,607.1846039886129,596.8,586.415396011387,0
2021-03-24,582.0,571.0,571.0,576.0,107253959.0,565.6026611328125,576.0,589.908574583416,596.6015685616796,-6.781994828798474,-4.598233531761947,-2.1837612970365274,19.17109929078015,23.793565083458713,608.1422548676321,591.2,574.257745132368,1
2021-03-25,581.0,570.0,572.0,575.0,67833354.0,564.6206665039062,575.0,584.9390497222773,592.6740106413743,-7.884322070774601,-5.2554512395644775,-2.628870831210124,15.667311411992268,18.841338921126162,602.7422548676458,585.8,568.8577451323541,1
2021-03-26,592.0,580.0,582.0,590.0,36829858.0,579.3499755859375,590.0,586.6260331481849,592.1878268883971,-6.225978224901951,-5.449556636631972,-0.7764215882699785,22.83785404765118,19.22542158347453,602.314065932617,585.6,568.885934067383,0
2021-03-29,602.0,596.0,599.0,599.0,37884733.0,588.1874389648438,599.0,590.7506887654566,593.4264038177795,-3.7631999345436498,-5.112285296214308,1.3490853616706584,42.30762777274406,26.937597744129175,606.1245957266945,586.8,567.4754042733055,1
2021-03-30,600.0,592.0,600.0,597.0,33099123.0,586.2235717773438,597.0,592.8337925103044,594.0761485781832,-2.373028443248245,-4.5644339256210955,2.1914054823728506,61.596672061788354,42.24738462739453,607.7410914161517,587.4,567.0589085838483,1
2021-03-31,597.0,587.0,596.0,587.0,38790886.0,576.404052734375,587.0,590.8891950068696,592.7895761094226,-2.7471872806742113,-4.200984596631718,1.453797315957507,63.264513264513276,55.7229376996819,606.6458206021249,589.6,572.5541793978751,1
2021-04-01,602.0,594.0,598.0,602.0,43091157.0,591.1332397460938,602.0,594.5927966712464,594.4641986349822,-0.8745497744735076,-3.535697632200076,2.6611478577265686,72.57187257187258,65.8110192993914,606.24277545804,595.0,583.75722454196,1
2021-04-07,614.0,608.0,614.0,610.0,24603109.0,598.9888916015625,610.0,599.7285311141643,597.2888897922581,1.3506509061742236,-2.5584279245252164,3.90907883069944,79.7979797979798,71.87812187812189,613.9130815058427,599.0,584.0869184941573,0
2021-04-08,613.0,603.0,606.0,613.0,23976625.0,601.9347534179688,613.0,604.1523540761095,600.1454552845748,3.031787541459039,-1.4403848313283654,4.472172372787404,95.20202020202021,82.52395752395753,620.450469163008,601.8,583.1495308369919,0
2021-04-09,618.0,609.0,618.0,610.0,27303862.0,598.9888916015625,610.0,606.1015693840731,601.9371906873794,3.518989352171502,-0.4485099946283919,3.967499346799894,90.65656565656566,88.55218855218857,623.2722017793407,604.4,585.5277982206593,1
2021-04-12,613.0,603.0,612.0,605.0,22606128.0,594.0791015625,605.0,605.734379589382,602.4940651078558,2.99943047503416,0.2410780993041184,2.758352375730041,82.28335991493887,89.38064859117492,615.8993670632467,608.0,600.1006329367533,1
2021-04-13,613.0,604.0,604.0,605.0,25971622.0,594.0791015625,605.0,605.4895863929213,602.9496896337002,2.553568275663906,0.7035761345760759,1.8499921410878302,69.06244104885872,80.66745554012108,614.8737548565329,608.6,602.3262451434672,1
2021-04-14,612.0,600.0,608.0,612.0,30077913.0,600.9527587890625,612.0,607.6597242619475,604.5952006093911,3.094923285905452,1.181845564841951,1.9130777210635008,68.16638370118847,73.17072822166203,615.8117545463638,609.0,602.1882454536362,0
2021-04-15,619.0,607.0,612.0,619.0,33530942.0,607.826416015625,619.0,611.4398161746317,607.2142550440473,4.209152213594052,1.7873068945923714,2.421845319001681,79.56989247311829,72.26623907438851,620.5846039885906,610.2,599.8153960114095,0
2021-04-16,611.0,603.0,610.0,610.0,48507383.0,598.9888916015625,610.0,610.9598774497545,607.7207541269478,3.5107564132478046,2.131996798323458,1.3787596149243466,81.5483870967742,76.42822109036034,620.5846039885906,610.2,599.8153960114095,0
2021-04-19,607.0,601.0,605.0,603.0,24231637.0,592.1152954101562,603.0,608.306584966503,606.8624351947755,2.011253175093543,2.107848073677475,-0.09659489858393178,59.92982456140353,73.6827013770987,621.0712022428962,609.8,598.5287977571037,0
2021-04-20,602.0,595.0,598.0,602.0,34771635.0,591.1332397460938,602.0,606.2043899776687,605.9783560684526,0.8846851443369133,1.8632154878093625,-0.9785303434724493,36.318713450292414,59.265641702823395,621.6835892274465,609.2,596.7164107725536,0
2021-04-21,599.0,592.0,599.0,592.0,38458220.0,581.3137817382812,592.0,601.4695933184458,603.4368367832794,-1.153776199278127,1.2598171503918647,-2.4135933496699917,14.985380116959083,37.07797270955169,623.1510445378468,605.2,587.2489554621533,1
2021-04-22,598.0,591.0,596.0,591.0,33868521.0,580.3318481445312,591.0,597.9797288789639,601.175593731774,-2.4669659696265853,0.5144605263881746,-2.98142649601476,9.722222222222241,20.342105263157926,613.9443368616251,599.6,585.255663138375,1
2021-04-23,602.0,590.0,592.0,602.0,27754511.0,591.1332397460938,602.0,599.3198192526426,601.3254857805424,-1.7016645794140004,0.07123550522773964,-1.77290008464174,13.79310344827588,12.83356859581908,608.6583300755838,598.0,587.3416699244162,0
2021-04-26,610.0,603.0,605.0,610.0,30887664.0,598.9888916015625,610.0,602.8798795017617,602.9026701840802,-0.10937628513545405,0.035113147155100895,-0.14448943229055494,36.78160919540232,20.098978288633493,613.5760361173342,599.4,585.2239638826658,0
2021-04-27,611.0,605.0,608.0,610.0,26317481.0,598.9888916015625,610.0,605.2532530011745,604.1930937869747,0.857803509654218,0.19965121965492433,0.6581522899992938,59.77011494252876,36.78160919540233,617.5891530826608,601.0,584.4108469173392,0
2021-04-28,608.0,601.0,606.0,602.0,24024054.0,591.1332397460938,602.0,604.1688353341164,603.7943494620703,0.34971202256429024,0.2296633802367975,0.12004864232749274,65.02463054187194,53.85878489326768,616.9713993572567,603.0,589.0286006427433,0
2021-04-29,609.0,600.0,609.0,600.0,31828333.0,589.16943359375,600.0,602.7792235560776,603.1044677416938,-0.2364844596357898,0.13643381226228002,-0.3729182718980698,57.90914066776137,60.90129538405403,613.4162636914282,604.8,596.1837363085717,0
2021-05-03,597.0,588.0,595.0,588.0,41762441.0,577.3860473632812,588.0,597.8528157040517,600.3582008795677,-2.1628016979045697,-0.3234132897710899,-1.8393884081334797,34.92063492063493,52.61813537675609,618.1987653850504,602.0,585.8012346149496,0
2021-05-04,594.0,582.0,588.0,591.0,40273595.0,580.3318481445312,591.0,595.5685438027011,598.6567098105554,-2.8363867672800325,-0.8260079852728786,-2.010378782007154,26.21784345922278,39.682539682539705,614.0189759466206,598.2,582.3810240533795,1
2021-05-05,594.0,585.0,594.0,585.0,29254785.0,574.4401245117188,585.0,592.0456958684674,596.1736716631817,-3.910031072186939,-1.4428126026556907,-2.4672184695312485,13.793103448275874,24.977193942711207,606.5506554146139,593.2,579.8493445853862,1
2021-05-06,590.0,580.0,590.0,587.0,30725590.0,576.404052734375,587.0,590.363797245645,594.505731360785,-4.123331209342268,-1.978916323993006,-2.144414885349262,21.319985168705983,20.443644025401557,600.7375518978464,590.2,579.6624481021537,0
2021-05-07,600.0,589.0,594.0,599.0,28075722.0,588.1874389648438,599.0,593.2425314970966,595.3228711133696,-2.4885859643551385,-2.0808502520654324,-0.40773571228970606,31.405265109380807,22.17278457545423,599.7979589711327,590.0,580.2020410288673,0
2021-05-10,597.0,588.0,596.0,589.0,20434079.0,578.367919921875,589.0,591.8283543313977,594.173258183666,-2.709846048622012,-2.2066494113767483,-0.5031966372452636,37.63440860215055,30.119886293412453,599.8664367788729,590.2,580.5335632211272,0
2021-05-11,580.0,570.0,579.0,571.0,59349193.0,560.69287109375,571.0,584.8855695542651,589.9599385139086,-5.098086932580145,-2.7849369156174277,-2.3131500169627173,30.962227736421298,33.33396714931756,604.1955550067191,586.2,568.204444993281,0
2021-05-12,571.0,518.0,567.0,560.0,131741482.0,549.8914184570312,560.0,576.5903797028434,584.5126769659252,-7.767986942331504,-3.7815469209602433,-3.9864400213712607,25.91673559415496,31.504457310908943,608.9820085666939,581.2,553.4179914333062,0
2021-05-13,563.0,541.0,547.0,547.0,66765627.0,537.1260986328125,547.0,566.7269198018956,577.6921902448479,-10.754498511199586,-5.176137239008112,-5.578361272191474,28.02793412549512,28.302299152023796,610.9444035586721,573.2,535.455596441328,1
2021-05-14,562.0,552.0,556.0,557.0,37533726.0,546.945556640625,557.0,563.4846132012638,573.9299738366938,-10.768126447935288,-6.294535080793547,-4.473591367141741,43.02689180737963,32.32385384234324,593.4328482690827,564.8,536.1671517309172,1
2021-05-17,558.0,541.0,544.0,549.0,56270958.0,539.0900268554688,549.0,558.6564088008425,569.3972513209312,-11.35798392847073,-7.307224850328984,-4.050759078141747,40.2439024390244,37.099576123966386,573.9767284428749,556.8,539.623271557125,1
2021-05-18,573.0,555.0,563.0,572.0,43689316.0,561.6748046875,572.0,563.104272533895,569.8704783534891,-8.182272123147186,-7.482234304892624,-0.7000378182545619,50.40650406504066,44.559099437148234,574.8437664185537,557.0,539.1562335814463,1
2021-05-19,572.0,565.0,571.0,567.0,28908777.0,556.7650756835938,567.0,564.40284835593,569.3485731983093,-6.562566213417767,-7.298300686597653,0.7357344731798854,54.47154471544716,48.373983739837406,577.9795812008352,558.4,538.8204187991647,1
2021-05-20,571.0,560.0,567.0,567.0,29709287.0,556.7650756835938,567.0,565.26856557062,568.9215598895257,-5.2951586322222965,-6.897672275722582,1.6025136435002851,62.54502418441907,55.807690988302305,578.969852141775,562.4,545.8301478582249,1
2021-05-21,577.0,568.0,572.0,573.0,27376731.0,562.65673828125,573.0,567.8457103804134,569.6630944550665,-3.5051800443691263,-6.219173829451891,2.7139937850827645,70.16369714534223,62.3934220150695,582.9251262621638,565.6,548.2748737378363,1
2021-05-24,572.0,566.0,570.0,568.0,15629736.0,557.7470092773438,568.0,567.8971402536089,569.3607136450544,-2.9285916651449497,-5.561057396590503,2.632465731445553,78.49358552897182,70.40076895291105,574.5536394906954,569.4,564.2463605093045,1
2021-05-25,584.0,573.0,576.0,583.0,33039911.0,572.4762573242188,583.0,572.9314268357392,571.8405838914081,-0.47335290121191065,-4.543516497514784,4.070163596302874,90.37661957862349,79.67796741764586,583.8376468326231,571.6,559.3623531673769,1
2021-05-26,588.0,581.0,587.0,585.0,18703987.0,574.4401245117188,585.0,576.9542845571594,574.2332050020611,1.2951256001196043,-3.375788077987907,4.670913678107511,92.01240086437046,86.96086865732194,590.1879951961528,575.2,560.2120048038473,1
2021-05-27,582.0,573.0,580.0,582.0,62169719.0,571.4942626953125,582.0,578.636189704773,575.6453495471409,1.9114532393806485,-2.3183398145141956,4.229793053894844,92.84182747814616,91.74361597371337,591.3087756865335,578.2,565.0912243134666,1
2021-05-28,592.0,582.0,587.0,590.0,29086873.0,579.3499755859375,590.0,582.4241264698486,578.2552859931153,3.2548840877525436,-1.2036950340608477,4.458579121813392,91.81521947479395,92.22314927243686,596.2751490622788,581.6,566.9248509377212,1
2021-05-31,597.0,590.0,595.0,597.0,30657474.0,586.2235717773438,597.0,587.2827509798991,581.6634158125489,4.846852882361759,0.006414549223673793,4.840438333138085,93.94287904926205,92.86664200073405,598.4706820024915,587.4,576.3293179975085,0
2021-06-01,599.0,595.0,598.0,598.0,17818326.0,587.2054443359375,598.0,590.8551673199328,584.633703846631,5.727851477681156,1.1507019349151704,4.577149542765985,97.34349734349735,94.36719862251778,603.0870012217307,590.4,577.7129987782693,0
2021-06-02,600.0,593.0,600.0,595.0,21872755.0,584.2595825195312,595.0,592.2367782132885,586.5184849654254,5.6129450692397995,2.043150561780096,3.5697945074597035,94.24333836098542,95.17657158458161,604.171151175662,592.4,580.628848824338,0
2021-06-03,600.0,596.0,600.0,596.0,21077164.0,585.2416381835938,596.0,593.4911854755256,588.2423967898935,5.428641412742763,2.7202487319726294,2.708392680770134,90.32176973353444,93.96953514600574,600.7713553108562,595.2,589.6286446891439,0
2021-06-04,595.0,590.0,591.0,595.0,15756180.0,584.2595825195312,595.0,593.9941236503504,589.4710519190038,4.9467593604537115,3.165550857668846,1.7812085027848656,85.00363108206245,89.85624639219411,598.5323807578762,596.2,593.8676192421239,0
2021-06-07,595.0,583.0,594.0,592.0,17077625.0,581.3137817382812,592.0,593.3294157669003,589.9308606610031,4.042467598720577,3.340934205879192,0.7015333928413852,80.02904865649964,85.11814982403217,599.0781438859079,595.2,591.3218561140922,1
2021-06-08,595.0,588.0,590.0,589.0,13396324.0,578.367919921875,589.0,591.8862771779335,589.7616132680935,2.922622353773363,3.2572718354580266,-0.33464948168466346,70.37037037037037,78.46768336964415,598.5536394906954,593.4,588.2463605093045,1
2021-06-09,588.0,583.0,586.0,586.0,20023490.0,575.4220581054688,586.0,589.924184785289,589.0776835829855,1.721721497870135,2.950161767940448,-1.2284402700703132,50.617283950617285,67.00556765916244,599.0404300950865,591.6,584.1595699049135,1
2021-06-10,599.0,587.0,591.0,599.0,28527745.0,588.1874389648438,599.0,592.949456523526,590.8817411133518,2.634507947692555,2.8870310038908693,-0.2525230561983145,58.53304284676833,59.840232389252,601.2686272390032,592.2,583.1313727609969,1
2021-06-11,603.0,600.0,602.0,602.0,24227710.0,591.1332397460938,602.0,595.9663043490174,592.9032427291061,3.4659939141702125,3.002823585946738,0.4631703282234745,70.44662309368192,59.86564996368918,605.6399335546324,593.6,581.5600664453676,1
2021-06-15,609.0,606.0,607.0,609.0,26012250.0,598.0068969726562,609.0,600.3108695660115,595.8299258692685,4.73926591966017,3.3501120526894246,1.3891538669707453,96.37254901960785,75.11740498668603,613.9233566410422,597.0,580.0766433589578,0
2021-06-16,608.0,605.0,608.0,605.0,25856919.0,594.0791015625,605.0,601.8739130440077,597.4972120748561,4.773034014421796,3.6346964450358987,1.1383375693858975,93.20512820512822,86.674766772806,615.8665248220511,600.2,584.533475177949,0
2021-06-17,606.0,598.0,601.0,606.0,22872361.0,597.5301513671875,606.0,603.2492753626718,599.0431735157913,4.715507741390979,3.8508587043069147,0.8646490370840647,91.02564102564104,93.53443941679238,611.0585712797787,604.2,597.3414287202214,0
2021-06-18,608.0,601.0,608.0,603.0,32652017.0,594.5721435546875,603.0,603.1661835751146,599.7625965129201,4.077859653673954,3.8962588941803227,0.18160075949363153,83.33333333333333,89.1880341880342,609.8989794855663,605.0,600.1010205144337,0
2021-06-21,594.0,583.0,590.0,583.0,44279632.0,574.8516845703125,583.0,596.4441223834098,596.7148516923892,0.8758587367603923,3.2921788626963364,-2.416320125935944,55.12820512820513,76.4957264957265,619.8075253593744,601.2,582.5924746406257,1
2021-06-22,588.0,578.0,585.0,578.0,27823974.0,569.9215087890625,578.0,590.2960815889398,593.312151384682,-1.7572564871659324,2.282291792723883,-4.039548279889815,25.641025641025646,54.7008547008547,618.9666434863104,595.0,571.0333565136896,1
2021-06-23,598.0,581.0,583.0,595.0,34392376.0,586.6840209960938,595.0,591.8640543926266,593.6190329511035,-1.0296994692239423,1.6198935403343178,-2.6495930095582603,18.279569892473123,33.01626688723463,614.8723569831856,593.0,571.1276430168144,0
2021-06-24,598.0,588.0,598.0,590.0,16524230.0,581.7538452148438,590.0,591.2427029284178,592.9610269599938,-1.2040463498425424,1.0551055622989458,-2.2591519121414882,31.182795698924735,25.034463744141163,607.3909067418484,589.8,572.2090932581515,1
2021-06-25,598.0,589.0,598.0,591.0,18841696.0,582.7399291992188,591.0,591.1618019522786,592.6044766036313,-1.124627591981607,0.6191589314428352,-1.7437865234244423,45.16129032258065,31.54121863799283,599.5720992437684,587.4,575.2279007562315,1
2021-06-28,590.0,586.0,590.0,590.0,15028407.0,581.7538452148438,590.0,590.7745346348523,592.1309354029711,-1.1590611958247337,0.26351490598932137,-1.422576101814055,40.215053763440864,38.85304659498208,600.2122740941594,588.8,577.3877259058405,1
2021-06-29,598.0,591.0,598.0,595.0,28659610.0,586.6840209960938,595.0,592.1830230899016,592.6525835115218,-0.46958431041889526,0.11689506270767805,-0.5864793731265733,46.20071684587814,43.85902031063321,596.8303347611101,592.2,587.56966523889,0
2021-06-30,599.0,595.0,599.0,595.0,24883853.0,586.6840209960938,595.0,593.1220153932677,593.079386509427,-0.03222644295738064,0.08707076157466631,-0.11929720453204695,51.11111111111112,45.842293906810035,596.8303347611101,592.2,587.56966523889,0
2021-07-01,597.0,591.0,596.0,593.0,18250994.0,584.7119140625,593.0,593.0813435955118,593.0649525986221,-0.03020898710894926,0.0636148118379432,-0.09382379894689245,61.5873015873016,52.96637651476362,596.8792156108901,592.8,588.7207843891098,0
2021-07-02,593.0,587.0,590.0,588.0,18322419.0,579.7817993164062,588.0,591.3875623970079,592.1440521261453,-0.6870024374375134,-0.08650863801714813,-0.6004937994203653,58.571428571428584,57.089947089947096,597.7713553108562,592.2,586.6286446891439,1
2021-07-05,597.0,588.0,588.0,591.0,28836816.0,582.7399291992188,591.0,591.2583749313386,591.9360426486644,-0.6581632068696308,-0.20083955178764468,-0.45732365508198614,58.20105820105821,59.45326278659613,597.7065996645827,592.4,587.0934003354173,0
2021-07-06,596.0,589.0,595.0,592.0,12997112.0,583.7258911132812,592.0,591.505583287559,591.9476712579982,-0.47993451996069325,-0.2566585454222544,-0.22327597453843884,49.776149776149786,55.51621218287886,596.4303347611351,591.8,587.1696652388648,0
2021-07-07,594.0,588.0,590.0,594.0,16966158.0,585.6979370117188,594.0,592.3370555250393,592.3208219383622,-0.08738159842403093,-0.22280315602260972,0.1354215575985788,54.415954415954424,54.131054131054135,595.7182520563621,591.6,587.481747943638,0
2021-07-08,595.0,588.0,595.0,588.0,21140426.0,579.7817993164062,588.0,590.8913703500262,591.5352179495691,-0.6374921799821323,-0.30574096081451424,-0.331751219167618,41.025641025641036,48.40591507258174,595.2647615158523,590.6,585.9352384841477,1
2021-07-09,585.0,580.0,582.0,584.0,29029415.0,575.8377075195312,584.0,588.5942469000175,590.1651783223747,-1.469427490594967,-0.5384782667706047,-0.9309492238243622,32.65856950067478,42.70005498075674,596.7742383096911,589.8,582.8257616903088,1
2021-07-12,597.0,590.0,595.0,593.0,31304547.0,584.7119140625,593.0,590.0628312666784,590.6806004455793,-0.7208421292908724,-0.5749510392746583,-0.14589109001621414,34.95276653171391,36.212325686009905,597.6188947963834,590.2,582.7811052036167,1
2021-07-13,608.0,599.0,600.0,607.0,52540315.0,598.5162353515625,607.0,595.7085541777856,593.6477640009285,1.6094387870706441,-0.13807307400559782,1.747511861076242,61.96741854636593,43.1929181929182,608.7640611666673,593.2,577.6359388333328,0
2021-07-14,615.0,608.0,613.0,613.0,38418875.0,604.432373046875,613.0,601.472369451857,597.1663523643961,3.7383145590662252,0.6372044526087668,3.101110106457458,86.37844611528823,61.09954373112268,619.3069495897599,597.0,574.6930504102401,0
2021-07-15,614.0,608.0,613.0,614.0,22012834.0,605.4183349609375,614.0,605.648246301238,600.2270155708695,4.992544330752935,1.5082724282376003,3.4842719025153346,95.95238095238096,81.4327485380117,625.7762592452582,602.2,578.6237407547419,0
2021-07-16,595.0,588.0,591.0,589.0,57970545.0,580.767822265625,589.0,600.098830867492,598.1857400125297,2.2344394969040877,1.653505841970898,0.5809336549331898,72.3809523809524,84.90392648287384,623.8455806408965,603.2,582.5544193591036,0
2021-07-19,584.0,578.0,583.0,582.0,40644341.0,573.8656616210938,582.0,594.0658872449947,595.2428781920697,-0.45384098495640046,1.2320364765854381,-1.6858774615418386,44.55598455598457,70.96310596310596,627.1380948043263,601.0,574.8619051956737,1
2021-07-20,584.0,579.0,579.0,581.0,15354333.0,572.879638671875,581.0,589.7105914966631,592.6532639753298,-2.190544969159646,0.5475201874364213,-2.7380651565960674,14.877734877734895,43.938223938223935,625.2319554226392,595.8,566.3680445773607,1
2021-07-21,586.0,580.0,586.0,585.0,25828732.0,576.82373046875,585.0,588.1403943311087,591.2617614343607,-2.616441004923786,-0.08527205103562019,-2.531168953888166,12.61261261261263,24.015444015444018,614.6425857879224,590.2,565.7574142120777,0
2021-07-22,594.0,587.0,589.0,591.0,26058172.0,582.7399291992188,591.0,589.0935962207392,591.214168446295,-1.9676335098395157,-0.4617443427963993,-1.5058891670431165,20.72072072072074,16.070356070356073,593.3562877718607,585.6,577.8437122281393,0
2021-07-23,592.0,583.0,592.0,585.0,15271451.0,576.82373046875,585.0,587.7290641471594,590.0843196378778,-2.2802165178725318,-0.8254387778116259,-1.4547777400609059,24.32432432432434,19.219219219219223,591.7742383096911,584.8,577.8257616903088,0
2021-07-26,591.0,580.0,591.0,580.0,21619179.0,571.8936157226562,580.0,585.1527094314396,588.2508069764455,-3.028251675788283,-1.2660013574069573,-1.7622503183813258,19.819819819819838,21.621621621621625,592.1562877718757,584.4,576.6437122281243,1
2021-07-27,584.0,580.0,581.0,580.0,17785992.0,571.8936157226562,580.0,583.4351396209597,586.7506602534554,-3.347250873395069,-1.6822512606045796,-1.6649996127904894,9.959959959959976,18.034701368034703,592.3387959797354,584.2,576.0612040202647,0
2021-07-28,579.0,573.0,576.0,579.0,36158305.0,570.9075927734375,579.0,581.9567597473065,585.3414492982816,-3.524788811579583,-2.0507587707995802,-1.4740300407800029,12.744562744562762,14.17478084144751,592.0332718325142,583.0,573.9667281674858,1
2021-07-29,585.0,577.0,585.0,583.0,23224896.0,574.8516845703125,583.0,582.3045064982043,584.9157312440486,-2.949683661621634,-2.230543748963991,-0.719139912657643,26.815776815776832,16.506766506766507,585.8899888641453,581.4,576.9100111358547,1
2021-07-30,582.0,578.0,581.0,580.0,18999281.0,571.8936157226562,580.0,581.5363376654695,584.0219619269488,-2.8680406078394753,-2.358043120739088,-0.5099974871003874,36.07503607503609,25.211791878458545,583.112931993269,580.4,577.687068006731,1
2021-08-02,590.0,580.0,583.0,590.0,23482491.0,581.7538452148438,590.0,584.3575584436463,585.1088779402309,-1.3739468672969224,-2.1612238700506547,0.7872770027537324,53.968253968253975,38.95302228635561,590.459776671856,582.4,574.3402233281439,1
2021-08-03,594.0,590.0,594.0,594.0,22747702.0,585.6979370117188,594.0,587.5717056290976,586.7254455874616,0.11694261840671061,-1.7055905723591818,1.8225331907658924,71.42857142857143,53.823953823953815,596.8893113569576,585.2,573.5106886430425,0
2021-08-04,598.0,594.0,598.0,596.0,20313271.0,587.6699829101562,596.0,590.381137086065,588.4117282079231,1.276625599066847,-1.109147338073976,2.385772937140823,90.98412698412699,72.12698412698411,600.9676998669908,588.6,576.2323001330093,0
2021-08-05,598.0,593.0,598.0,596.0,15116242.0,587.6699829101562,596.0,592.25409139071,589.7914139883007,1.9214174841222302,-0.5030343736347347,2.424451857756965,94.66666666666667,85.69312169312168,603.2266371026844,591.2,579.1733628973157,0
2021-08-06,596.0,588.0,596.0,591.0,13687213.0,582.7399291992188,591.0,591.83606092714,590.0111568995188,1.5673282944690072,-0.08896184001398627,1.6562901344829934,85.33333333333333,90.32804232804232,598.3959983987149,593.4,588.404001601285,0
2021-08-09,595.0,583.0,590.0,595.0,17390951.0,586.6840209960938,595.0,592.89070728476,590.9182192814245,1.8118973207459703,0.2912099921380051,1.5206873286079652,84.0,87.99999999999999,598.1094473981996,594.4,590.6905526018004,0
2021-08-10,596.0,589.0,596.0,591.0,17190865.0,582.7399291992188,591.0,592.2604715231734,590.9330885029837,1.3525973994519518,0.5034874736007944,0.8491099258511574,75.55555555555556,81.6296296296296,598.4303347611351,593.8,589.1696652388648,0
2021-08-11,590.0,585.0,590.0,590.0,19969687.0,581.7538452148438,590.0,591.5069810154489,590.7634360478958,0.8836755833093548,0.5795250955425064,0.3041504877668484,71.55555555555556,77.03703703703701,597.4332183894244,592.6,587.7667816105757,0
2021-08-12,588.0,584.0,586.0,586.0,15444622.0,577.8097534179688,586.0,589.6713206769659,589.8973567664601,0.033945888572247895,0.4704092541484547,-0.4364633655762068,53.33333333333334,66.8148148148148,596.3410800377394,590.6,584.8589199622606,0
2021-08-13,585.0,579.0,585.0,581.0,22524428.0,572.879638671875,581.0,586.7808804513106,588.2796555361947,-1.1404597901622537,0.14823544528631294,-1.2886952354485666,34.61988304093568,53.16959064327483,598.116301802687,588.6,579.0836981973131,0
2021-08-16,586.0,578.0,582.0,584.0,19315705.0,575.8377075195312,584.0,585.8539203008737,587.5015363477956,-1.404530923895777,-0.16231782855010507,-1.242213095345672,24.61988304093568,37.52436647173487,593.8404300951022,586.4,578.9595699048978,0
2021-08-17,584.0,584.0,584.0,584.0,0.0,575.8377075195312,584.0,585.2359468672491,586.8648933754691,-1.5023967333436303,-0.43033360950881017,-1.0720631238348202,23.508771929824565,27.58284600389861,590.9329587896726,585.0,579.0670412103274,0
2021-08-18,575.0,566.0,568.0,574.0,43716164.0,565.9774169921875,574.0,581.4906312448328,584.5258218526566,-2.8141883002256236,-0.9071045476521729,-1.9070837525734508,28.888888888888896,25.672514619883014,590.2285230022982,581.8,573.3714769977017,0
2021-08-19,573.0,559.0,573.0,559.0,38868947.0,551.1871337890625,559.0,573.9937541632219,579.8847633339917,-5.46135075052905,-1.8179537882275483,-3.6433969623015017,18.888888888888896,23.762183235867422,595.2722017793407,576.4,557.5277982206593,1
2021-08-20,563.0,551.0,560.0,552.0,45614061.0,544.284912109375,552.0,566.6625027754812,574.8148063641751,-7.744301649040722,-3.003223360390183,-4.741078288650539,9.629629629629635,19.13580246913578,596.695210288475,570.6,544.5047897115251,1
2021-08-23,572.0,559.0,560.0,566.0,33685159.0,558.0892333984375,566.0,566.4416685169875,573.2121142979614,-6.937544427304374,-3.790087573773021,-3.147456853531353,13.561253561253565,14.026590693257333,589.4142811617929,567.0,544.5857188382071,1
2021-08-24,575.0,571.0,574.0,572.0,24844800.0,564.0054321289062,572.0,568.2944456779917,572.9917298801503,-5.353788109670063,-4.102827680952429,-1.250960428717634,32.480172480172484,18.557018557018527,580.9755915923645,564.6,548.2244084076356,1
2021-08-25,585.0,574.0,579.0,585.0,27504657.0,576.82373046875,585.0,573.8629637853278,575.175051720123,-2.4469556930923773,-3.771653283380419,1.3246975902880416,64.12038412038413,36.720603387270025,589.4061938415176,566.8,544.1938061584823,1
2021-08-26,603.0,591.0,601.0,594.0,43822008.0,585.6979370117188,594.0,580.5753091902185,578.5977695891916,0.6042927210190783,-2.8964640825005192,3.5007568035195975,78.86397386397387,58.48817682151013,603.0957334777646,573.8,544.5042665222353,1
2021-08-27,600.0,593.0,596.0,599.0,27105651.0,590.6280517578125,599.0,586.716872793479,582.3072660275203,3.0812321923602894,-1.7009248275283575,4.782157019888647,90.71428571428572,77.89954789954787,608.352335875618,583.2,558.0476641243821,1
2021-08-30,605.0,599.0,602.0,605.0,36575609.0,596.5441284179688,605.0,592.811248528986,586.4332176588803,5.234053534715599,-0.313929155079566,5.547982689795165,91.66666666666667,87.08164208164204,614.0824608740066,591.0,567.9175391259934,1
2021-08-31,614.0,598.0,604.0,614.0,52721470.0,605.4183349609375,614.0,599.8741656859906,591.4453599027203,7.491954190657111,1.2472475140677695,6.244706676589342,97.43589743589745,93.27228327228325,619.0203975494882,599.4,579.7796024505118,1
2021-09-01,614.0,608.0,614.0,613.0,30092045.0,604.432373046875,613.0,604.2494437906604,595.3643853749529,8.395434622680796,2.676884935790375,5.718549686890421,99.47089947089948,96.19115452448784,620.5434873821833,605.0,589.4565126178167,1
2021-09-02,615.0,607.0,613.0,607.0,24112463.0,598.5162353515625,607.0,605.1662958604403,597.479951670416,7.781255339939889,3.697759016620278,4.083496323319611,94.70899470899472,97.20526387193053,618.5981816678924,607.6,596.6018183321077,1
2021-09-03,620.0,610.0,610.0,620.0,51562454.0,611.3345336914062,620.0,610.1108639069602,601.5745059121585,8.782300593670584,4.71466733203034,4.067633261640244,94.70899470899472,96.29629629629629,622.4883113727203,611.8,601.1116886272796,0
2021-09-06,638.0,621.0,623.0,631.0,55589014.0,622.1807861328125,631.0,617.0739092713068,606.9245957463115,10.45184220444537,5.8621023065133455,4.5897398979320245,91.59226190476191,93.67008377425043,633.2480768092719,617.0,600.7519231907281,0
2021-09-07,634.0,623.0,634.0,623.0,26526056.0,614.2926025390625,623.0,619.0492728475378,609.8473965197094,9.94653912504782,6.678989670220241,3.26754945482758,85.71586879432624,90.6723751360276,635.3118139524441,618.8,602.2881860475558,0
2021-09-08,627.0,612.0,622.0,619.0,37817737.0,610.3485107421875,619.0,619.0328485650252,611.5115062433986,8.676453126508704,7.078482361477933,1.5979707650307713,71.64179472025216,82.98330847311341,635.4919333848296,620.0,604.5080666151704,0
2021-09-09,620.0,610.0,612.0,619.0,18735512.0,610.3485107421875,619.0,619.0218990433501,612.8730505627807,7.52743617677595,7.168273124537537,0.35916305223841327,59.454294720252165,72.27065274494349,631.4862533532963,622.4,613.3137466467036,0
2021-09-10,623.0,614.0,615.0,622.0,16304725.0,613.3065185546875,622.0,620.0145993622334,614.5324959150024,6.897703463123207,7.114159192254671,-0.2164557291314635,56.75925925925926,62.61844956658783,631.60000000001,622.8,613.9999999999899,0
2021-09-13,620.0,613.0,619.0,615.0,15198774.0,606.4044189453125,615.0,618.3430662414889,614.6174966577292,5.290823099349609,6.749491973673658,-1.458668874324049,46.10215053763441,54.10523483904857,625.1999999999883,619.6,614.0000000000117,0
2021-09-14,618.0,612.0,618.0,613.0,14441901.0,604.432373046875,613.0,616.5620441609926,614.323406356324,3.8233317542402574,6.164259929786978,-2.34092817554672,35.053763440860216,45.97172441258459,623.9999999999972,617.6,611.2000000000029,0
2021-09-15,613.0,607.0,610.0,607.0,23433501.0,598.5162353515625,607.0,613.3746961073284,612.9918779279014,1.9771191059109015,5.326831765011763,-3.3497126591008612,15.053763440860218,32.069892473118244,625.5072789813684,615.2,604.8927210186317,0
2021-09-16,607.0,599.0,603.0,600.0,22467022.0,594.3065795898438,600.0,608.9164640715522,610.6297183046466,-0.148706960921686,4.231724019825073,-4.380430980746759,7.306313757926664,19.137946879882332,626.2916083751971,611.4,596.5083916248028,0
2021-09-17,610.0,599.0,600.0,600.0,40717715.0,594.3065795898438,600.0,605.9443093810348,608.6970422492564,-1.4270103217140786,3.0999771515172423,-4.526987473231321,1.8070818070818102,8.055719668622862,619.5857061780381,607.0,594.4142938219619,0
2021-09-22,589.0,583.0,586.0,586.0,40642293.0,580.4393920898438,586.0,599.2962062540232,604.5703072948461,-3.983039371787868,1.6833738468562203,-5.666413218644088,4.079809079809083,4.3977348816058175,619.2399556540395,601.2,583.1600443459606,1
2021-09-23,593.0,588.0,588.0,588.0,21696296.0,582.42041015625,588.0,595.5308041693488,601.5575241503286,-5.0890771769187495,0.3288836421012262,-5.417960819019976,7.391774891774895,4.426221926221895,612.1197989936969,596.2,580.2802010063032,1
2021-09-24,598.0,590.0,591.0,598.0,16736973.0,592.3255615234375,598.0,596.3538694462326,600.9107015775415,-4.215184545869533,-0.5799299954929258,-3.6352545503766076,18.93939393939394,10.136992636992604,606.6376468326231,594.4,582.1623531673769,0
2021-09-27,602.0,593.0,600.0,602.0,19464241.0,596.28759765625,602.0,598.2359129641551,601.1087558361703,-2.974252316296088,-1.0587944596535581,-1.9154578566425298,33.78378378378378,20.038317538317504,607.8476051442486,594.8,581.7523948557513,0
2021-09-28,596.0,592.0,595.0,594.0,16707080.0,588.3634643554688,594.0,596.8239419761034,599.8162547750484,-3.148447020782669,-1.4767249718793802,-1.6717220489032887,40.09330759330759,30.938828438828406,605.5733036376712,593.6,581.6266963623289,0
2021-09-29,583.0,577.0,580.0,580.0,49310524.0,574.496337890625,580.0,591.2159613174023,596.2132993614032,-4.961490104998461,-2.173677998503196,-2.787812106495265,30.37108537108537,34.749392249392216,607.8712636846543,592.4,576.9287363153456,0
2021-09-30,585.0,575.0,580.0,580.0,30465107.0,574.496337890625,580.0,587.4773075449349,593.2654267502389,-5.839197898535531,-2.906781978509663,-2.9324159200258677,18.015873015873016,29.493421993421958,609.147751905891,590.8,572.4522480941089,0
2021-10-01,579.0,571.0,579.0,574.0,36704493.0,568.5532836914062,574.0,582.9848716966233,589.7626218865591,-6.904221382605783,-3.706269859328887,-3.1979515232768962,10.103785103785102,19.49691449691446,606.7074865688728,586.0,565.2925134311272,0
2021-10-04,575.0,569.0,574.0,572.0,20957803.0,566.5722045898438,572.0,579.3232477977489,586.5330542708211,-7.50817090011617,-4.466650067486343,-3.0415208326298266,10.356310356310354,12.825322825322786,595.3883072493386,580.0,564.6116927506614,1
2021-10-05,572.0,560.0,562.0,572.0,33824024.0,566.5722045898438,572.0,576.8821651984993,583.8906807670355,-7.5431658436612,-5.081953222721315,-2.461212620939885,15.118215118215113,11.85943685943682,582.9321211119142,575.6,568.2678788880859,1
2021-10-06,574.0,565.0,573.0,571.0,32508846.0,565.5817260742188,571.0,574.9214434656661,581.5469206275745,-7.364617036192385,-5.538485985415528,-1.8261310507768567,21.28427128427128,15.586265586265545,580.2992307237259,573.8,567.300769276274,1
2021-10-07,582.0,572.0,575.0,580.0,27933054.0,574.496337890625,580.0,576.6142956437774,581.2656623316519,-5.746170304812608,-5.580022849294944,-0.16614745551766408,34.12698412698412,23.509823509823466,580.2992307237259,573.8,567.300769276274,0
2021-10-08,583.0,573.0,582.0,575.0,18279079.0,569.5437622070312,575.0,576.0761970958516,580.1264509986243,-5.174749959261703,-5.498968271288296,0.3242183120265931,38.49206349206349,31.30110630110626,580.5726706900584,574.0,567.4273293099416,0
2021-10-12,575.0,564.0,570.0,575.0,26522907.0,569.5437622070312,575.0,575.7174647305677,579.1943689988744,-4.60192447747761,-5.319559512526159,0.7176350350485494,49.76190476190476,40.79365079365075,580.8737548565329,574.6,568.3262451434672,1
2021-10-13,575.0,570.0,572.0,571.0,18914374.0,565.5817260742188,571.0,574.1449764870451,577.7044837263518,-4.580901407059628,-5.171827891432853,0.5909264843732256,48.55555555555555,45.60317460317456,581.0452990903457,574.4,567.7547009096543,1
2021-10-14,579.0,573.0,579.0,573.0,13916927.0,567.562744140625,573.0,573.7633176580301,576.8491230488332,-4.103100588364896,-4.958082430819262,0.8549818424543663,53.50724637681159,50.60823556475726,580.7866518188647,574.8,568.8133481811352,1
2021-10-15,600.0,586.0,592.0,600.0,53150216.0,594.3065795898438,600.0,582.5088784386868,581.0583734035908,-0.07352424351131503,-3.9811707933576725,3.9076465498463575,66.84057971014492,56.30112721417064,600.2065410564206,578.8,557.3934589435793,0
2021-10-18,604.0,590.0,604.0,590.0,19158568.0,584.4014892578125,590.0,585.0059189591245,582.684123693847,1.0464845030929837,-2.975639734067541,4.022124237160525,74.90118577075098,65.08300395256913,604.4061938415176,581.8,559.1938061584823,1
2021-10-19,600.0,593.0,598.0,600.0,17386359.0,594.3065795898438,600.0,590.0039459727496,585.8324648404202,2.9960948662892406,-1.7812928139961848,4.777387680285425,86.06060606060605,75.93412384716727,612.0792404949252,586.8,561.5207595050747,0
2021-10-20,604.0,597.0,603.0,598.0,16372520.0,592.3255615234375,598.0,592.6692973151664,588.0447439603438,3.77899805871391,-0.6692346394541657,4.448232698168075,81.06060606060605,80.67413263065431,612.7679362114872,592.2,571.6320637885129,0
2021-10-21,603.0,595.0,602.0,596.0,16169014.0,590.344482421875,596.0,593.7795315434443,589.4911541493722,3.822335238367714,0.22907933611021014,3.5932559022575035,84.99999999999999,84.04040404040398,604.2188947964147,596.8,589.3811052035852,1
2021-10-22,602.0,594.0,600.0,600.0,13995403.0,594.3065795898438,600.0,595.8530210289629,591.4018533949409,4.207985830977464,1.0248606350836609,3.183125195893803,84.99999999999999,83.68686868686864,604.2188947964147,596.8,589.3811052035852,0
2021-10-25,597.0,590.0,597.0,593.0,16785568.0,587.3729858398438,593.0,594.9020140193086,591.6924255049516,3.333028020753545,1.4864941122176378,1.8465339085359074,79.21568627450978,83.07189542483654,602.7065996645827,597.4,592.0934003354173,1
2021-10-26,600.0,593.0,595.0,599.0,19998808.0,593.3160400390625,599.0,596.2680093462058,593.0210754131423,3.448909431244374,1.878977176022985,1.569932255221389,80.50600885515495,81.57389837655485,602.1638694583861,597.2,592.236130541614,0
2021-10-27,599.0,594.0,598.0,599.0,14961858.0,593.3160400390625,599.0,597.1786728974705,594.1081526107528,3.3673472318160975,2.1766511871816077,1.1906960446344899,74.58008292922902,78.10059268629787,602.5536394907181,597.4,592.2463605092819,0
2021-10-28,598.0,591.0,598.0,595.0,16570044.0,589.35400390625,595.0,596.4524485983137,594.270306681525,2.642563606587373,2.2698336710627607,0.37272993552461253,63.93582522614779,73.0073056701772,602.6258639864951,597.2,591.774136013505,0
2021-10-29,596.0,589.0,595.0,590.0,25763960.0,584.4014892578125,590.0,594.3016323988758,593.4938872848841,1.4290102679726715,2.1016689904447428,-0.6726587224720713,38.20105820105819,58.90565545214495,602.1742383096578,595.2,588.2257616903423,1
2021-11-01,593.0,590.0,591.0,590.0,16089351.0,584.4014892578125,590.0,592.8677549325838,592.8586350512688,0.6327303262617079,1.8078812576081358,-1.175150931346428,16.349206349206334,39.495363258804055,602.6597766718417,594.6,586.5402233281584,0
2021-11-02,597.0,590.0,594.0,592.0,15192404.0,586.3824462890625,592.0,592.5785032883892,592.7025195874018,0.387386171325943,1.5237822403516972,-1.1363960690257542,11.587301587301573,22.04585537918865,600.0585712797787,593.2,586.3414287202214,1
2021-11-03,597.0,592.0,597.0,592.0,10224009.0,586.3824462890625,592.0,592.3856688589261,592.5747887533287,0.22207327894386708,1.2634404480701311,-1.041367169126264,17.057387057387043,14.997964997964937,595.4660605559887,591.8,588.1339394440112,1
2021-11-04,594.0,585.0,592.0,587.0,17932145.0,581.429931640625,587.0,590.5904459059508,591.561190798178,-0.5469432287131895,0.901363712713467,-1.4483069414266565,19.279609279609264,15.974765974765916,593.8660605559571,590.2,586.533939444043,1
2021-11-05,600.0,595.0,598.0,600.0,33270827.0,594.3065795898438,600.0,593.7269639373005,593.0955197439638,0.7265937492396688,0.8664097200187074,-0.13981597077903862,45.47008547008545,27.26902726902721,600.8162636914147,592.2,583.5837363085853,1
2021-11-08,602.0,598.0,600.0,602.0,19752355.0,596.28759765625,602.0,596.484642624867,594.7145161541522,1.728111977706135,1.0387501715561929,0.689361806149942,71.11111111111109,45.286935286935226,605.7427106217435,594.6,583.4572893782565,1
2021-11-09,617.0,610.0,611.0,611.0,39538660.0,605.2022094726562,611.0,601.3230950832447,597.6755132170337,3.4442774134736283,1.51985561993968,1.9244217935339483,93.74999999999996,70.11039886039879,615.0180624622702,598.4,581.7819375377297,0
2021-11-10,612.0,608.0,611.0,612.0,16027674.0,606.1926879882812,612.0,604.8820633888298,600.2799653593912,4.461991581751818,2.1082828123021073,2.3537087694497103,88.54166666666663,84.46759259259251,620.4930926046407,602.4,584.3069073953593,0
2021-11-11,606.0,600.0,600.0,606.0,18463848.0,600.2496337890625,606.0,605.2547089258866,601.3199716576837,4.089753262282443,2.5045769022981745,1.5851763599842683,77.0833333333333,86.45833333333326,615.6994736696176,606.2,596.7005263303824,1
2021-11-12,611.0,602.0,610.0,604.0,15821327.0,598.2685546875,604.0,604.8364726172578,601.8072495381049,3.4212684203050685,2.6879152058995532,0.7333532144055153,69.79166666666663,78.47222222222216,614.7974354758502,607.0,599.2025645241498,1
2021-11-15,611.0,607.0,609.0,608.0,15551452.0,602.2306518554688,608.0,605.8909817448385,602.9332041675403,3.3943262226130173,2.829197409242246,0.5651288133707713,65.62499999999996,70.83333333333326,614.1866518188259,608.2,602.2133481811742,1
2021-11-16,612.0,608.0,612.0,610.0,20917108.0,604.211669921875,610.0,607.260654496559,604.2180761370785,3.492577587849155,2.961873444963628,0.530704142885527,69.79166666666663,68.4027777777777,613.6568542494924,608.0,602.3431457505076,1
2021-11-17,615.0,608.0,615.0,610.0,19717852.0,604.211669921875,610.0,608.1737696643727,605.269335021246,3.3984403871522773,3.049186833401358,0.3492535537509194,72.72727272727269,69.38131313131305,612.2647615158772,607.6,602.9352384841228,1
2021-11-18,614.0,607.0,613.0,613.0,20030651.0,607.1832275390625,613.0,609.7825131095818,606.6749104719286,3.587766677405739,3.156902802202234,0.4308638752035048,75.08472886762357,72.5345560871876,614.9329587896726,609.0,603.0670412103274,0
2021-11-19,623.0,617.0,622.0,618.0,35554348.0,612.1357421875,618.0,612.5216754063879,608.7340176588507,4.203831284596049,3.366288498680997,0.8375427859150522,75.13001872269604,74.31400677253073,618.7742383096911,611.8,604.8257616903088,0
2021-11-22,618.0,615.0,618.0,615.0,20312168.0,609.1641845703125,615.0,613.3477836042586,609.8732871754233,3.9957898368717224,3.492188766319142,0.5036010705525804,74.14187643020591,74.78554134017513,619.3188234162878,613.2,607.0811765837122,0
2021-11-23,615.0,611.0,615.0,612.0,19431694.0,606.1926879882812,612.0,612.898522402839,610.2599622344372,3.2988069910219338,3.4535124112597004,-0.15470542023776668,65.21739130434779,71.4964288190832,619.0552726787952,613.6,608.1447273212049,0
2021-11-24,612.0,602.0,612.0,603.0,20391940.0,597.278076171875,603.0,609.599014935226,608.9399691009032,1.5457379307381416,3.071957515155389,-1.5262195844172473,40.71773636991024,60.02566803482127,622.2717426495971,612.2,602.128257350403,0
2021-11-25,607.0,601.0,605.0,603.0,11888265.0,597.278076171875,603.0,607.3993432901507,607.8599747189209,0.4182461720727133,2.5412152465388536,-2.1229690744661402,22.008908965430663,42.64801221322952,622.5547561691803,610.2,597.8452438308198,0
2021-11-26,601.0,592.0,598.0,596.0,26588102.0,590.344482421875,596.0,603.5995621934338,605.7036156791171,-1.204666261058037,1.7920389450194754,-2.9967052060775123,8.918679886421783,23.881775073920853,619.5054733592125,605.8,592.0945266407874,1
2021-11-29,598.0,591.0,594.0,593.0,23379558.0,587.3729858398438,593.0,600.0663747956226,603.3938673738231,-2.528199434442172,0.9279912691271458,-3.456190703569318,9.414711632453528,13.447433494768617,614.5818056426365,601.4,588.2181943573635,1
2021-11-30,600.0,591.0,597.0,596.0,62021697.0,590.344482421875,596.0,598.710916530415,602.0495278513098,-2.8214030256328897,0.17811241017513868,-2.9995154358080285,11.592741935483831,9.975377818119673,606.3387959797354,598.2,590.0612040202647,1
2021-12-01,603.0,594.0,596.0,600.0,21403404.0,594.3065795898438,600.0,599.1406110202767,601.6768864237989,-2.347123744456667,-0.3269348207512225,-2.0201889237054442,16.666666666666625,12.558040078201287,604.5971422738118,597.6,590.6028577261883,0
2021-12-02,615.0,602.0,605.0,615.0,45125742.0,609.1641845703125,615.0,604.4270740135178,604.0992707103809,0.020720820845781418,-0.2574036924318217,0.2781245132776031,44.212962962962926,24.157457188371087,615.6460857724878,600.0,584.3539142275122,0
2021-12-03,614.0,606.0,614.0,608.0,23045832.0,602.2306518554688,608.0,605.6180493423452,604.8084942175843,0.5278479396178,-0.10035336602189737,0.6282013056396973,62.615740740740705,41.16512345679005,618.5294761229294,602.4,586.2705238770706,0
2021-12-06,609.0,600.0,603.0,600.0,23589363.0,594.3065795898438,600.0,603.7453662282302,603.9342225416599,-0.24379382110760162,-0.12904145703903822,-0.1147523640685634,65.7407407407407,57.523148148148074,617.4469776873938,603.8,590.1530223126061,1
2021-12-07,607.0,597.0,602.0,607.0,18606530.0,601.2401123046875,607.0,604.8302441521535,604.4916366249945,0.22362242553560918,-0.05850868052410872,0.2821311060597179,58.33333333333329,62.22993827160486,617.24277545804,606.0,594.75722454196,0
2021-12-08,614.0,602.0,614.0,602.0,20801543.0,596.28759765625,602.0,603.886829434769,604.0386117840864,-0.1630434660771698,-0.07941563763472094,-0.08362782844244886,49.999999999999964,58.02469135802462,616.8766406829785,606.4,595.9233593170214,0
2021-12-09,608.0,602.0,606.0,608.0,11039070.0,602.2306518554688,608.0,605.2578862898459,604.7588641869797,0.40163290563282317,0.01679407101878788,0.3848388346140353,61.11111111111108,56.48148148148141,611.6932802122761,605.0,598.3067197877239,0
2021-12-10,608.0,602.0,605.0,605.0,10497451.0,599.2590942382812,605.0,605.1719241932307,604.8027070620743,0.3296622333417645,0.0793677034833832,0.2502945298583813,58.33333333333329,56.48148148148141,610.4133185513615,604.4,598.3866814486385,0
2021-12-13,610.0,601.0,609.0,601.0,17711657.0,595.297119140625,601.0,603.7812827954871,604.1113057780608,-0.25579969972829986,0.0123342228410466,-0.26813392256934643,54.16666666666663,57.870370370370296,610.0552726787739,604.6,599.1447273212261,1
2021-12-14,600.0,597.0,598.0,599.0,22579034.0,593.3160400390625,599.0,602.187521863658,603.181977454777,-0.8621426395078515,-0.16256114962873303,-0.6995814898791185,34.25925925925922,48.91975308641967,609.3245553203368,603.0,596.6754446796632,1
2021-12-15,601.0,596.0,597.0,600.0,21827730.0,594.3065795898438,600.0,601.4583479091053,602.603436099363,-1.058849135440255,-0.3418187467910374,-0.7170303886492175,22.222222222222182,36.88271604938264,609.3646138101158,602.6,595.8353861898843,0
2021-12-16,605.0,601.0,605.0,605.0,21809022.0,602.0183715820312,605.0,602.6388986060703,603.0391749903879,-0.47185419845698107,-0.3678258371242261,-0.10402836133275495,27.777777777777732,28.086419753086336,607.0596442562786,602.0,596.9403557437214,0
2021-12-17,607.0,599.0,601.0,607.0,24105733.0,604.008544921875,607.0,604.0925990707135,603.7593249921356,0.1674000688826709,-0.2607806559228467,0.4281807248055176,44.4444444444444,31.4814814814814,608.5449165983146,602.4,596.2550834016854,0
2021-12-20,607.0,598.0,607.0,598.0,21381070.0,595.0528564453125,598.0,602.061732713809,602.7121749935654,-0.640408893445283,-0.336706303427334,-0.30370259001794897,40.7407407407407,37.65432098765424,608.8880180586834,601.8,594.7119819413165,1
2021-12-21,600.0,595.0,597.0,597.0,17001461.0,594.0578002929688,597.0,600.3744884758727,601.6735977220081,-1.232363369865766,-0.5158377167150203,-0.7165256531507456,28.518518518518473,37.90123456790115,609.2587530817708,601.4,593.5412469182291,1
2021-12-22,601.0,598.0,598.0,600.0,9831802.0,597.0430297851562,600.0,600.2496589839151,601.3693072270976,-1.1403638393566098,-0.6407429412433382,-0.4996208981132716,19.259259259259213,29.50617283950609,609.2587530817708,601.4,593.5412469182291,1
2021-12-23,608.0,602.0,607.0,606.0,16654439.0,603.013427734375,606.0,602.16643932261,602.2112513676253,-0.24342505325296315,-0.5612793636452632,0.31785431039230005,39.99999999999996,29.25925925925917,609.8559069762009,601.6,593.3440930237991,1
2021-12-24,609.0,604.0,606.0,604.0,11059689.0,601.0233154296875,604.0,602.7776262150734,602.5364783916934,0.045644545084655874,-0.4398945818992794,0.48553912698393525,56.98412698412694,38.74779541446199,607.9282032302755,601.0,594.0717967697245,1
2021-12-27,610.0,604.0,604.0,606.0,16259872.0,603.013427734375,606.0,603.8517508100489,603.1662095932037,0.4820868497903348,-0.2554982955613565,0.7375851453516913,70.31746031746027,55.76719576719568,609.7105555338564,602.6,595.4894444661436,1
2021-12-28,615.0,610.0,610.0,615.0,33892718.0,611.9691162109375,615.0,607.5678338733659,605.3178078489848,1.911493216379995,0.17790000682691381,1.733593209553081,79.20634920634916,68.83597883597874,616.0305645819386,606.2,596.3694354180615,1
2021-12-29,619.0,614.0,615.0,616.0,24518766.0,612.9641723632812,616.0,610.3785559155773,607.2600246037148,2.823266593269068,0.7069733241153446,2.116293269153723,86.9444444444444,78.82275132275123,619.4876161703353,609.4,599.3123838296647,1
2021-12-30,620.0,615.0,619.0,615.0,19681276.0,611.9691162109375,615.0,611.9190372770515,608.6672928575848,3.118370652124213,1.1892527897171183,1.9291178624070946,89.16666666666663,85.10582010582002,621.4293694820192,611.2,600.9706305179809,1
2022-01-03,632.0,618.0,619.0,631.0,69089158.0,627.8902587890625,631.0,618.279358184701,612.7277850652966,5.2695491205697635,2.0053120558876474,3.264237064682116,88.26576576576572,88.12562562562555,632.729476122915,616.6,600.470523877085,1
2022-01-04,656.0,644.0,645.0,656.0,79434666.0,652.7670288085938,656.0,630.8529054564673,620.59546050797,9.634786695099706,3.5312069837300593,6.103579711369647,92.43243243243239,89.95495495495487,658.4144621202321,626.6,594.785537879768,0
2022-01-05,669.0,646.0,669.0,650.0,69593809.0,646.796630859375,650.0,637.2352703043115,625.9417404156118,11.058401198602496,5.036645826704547,6.0217553718979495,89.6463627806911,90.1148536596297,667.4608918961067,633.6,599.7391081038934,0
2022-01-06,646.0,636.0,638.0,644.0,53210211.0,640.826171875,644.0,639.4901802028743,629.225060340046,10.641535186495162,6.15762369866267,4.483911487832492,77.7267508610792,86.60184869140086,668.5230284929715,639.2,609.8769715070285,1
2022-01-07,646.0,632.0,643.0,634.0,38249908.0,630.87548828125,634.0,637.6601201352495,630.0932311873104,8.60314209405692,6.64672737774152,1.9564147163154004,59.77803291236125,75.71704885137716,661.8467503830224,643.0,624.1532496169776,1
2022-01-10,645.0,627.0,628.0,643.0,38289770.0,639.8311157226562,643.0,639.4400800901664,632.4399164259812,8.179799363723646,6.953341774937945,1.226457588785701,54.54150369404604,64.0154291558288,660.1295621116242,645.4,630.6704378883758,1
2022-01-11,651.0,639.0,646.0,651.0,33196585.0,647.7916870117188,651.0,643.2933867267776,635.8144770758028,8.619326312919043,7.2865386825341645,1.3327876303848782,56.452925605467954,56.92415407062506,656.5720992437684,644.4,632.2279007562315,1
2022-01-12,660.0,650.0,657.0,660.0,38860063.0,656.747314453125,660.0,648.8622578178517,640.2118448802023,9.692916169557066,7.767814179938744,1.9251019896183212,68.84608799863035,59.94683909938143,663.7712406004937,646.4,629.0287593995063,1
2022-01-13,662.0,655.0,658.0,661.0,38137411.0,657.7423706054688,661.0,652.9081718785678,643.9915094474383,10.047595042489661,8.223770352448927,1.823824690040734,78.30659536541887,67.86853632317236,670.3290038725801,649.8,629.2709961274198,1
2022-01-14,673.0,661.0,673.0,672.0,95200777.0,668.6881713867188,672.0,659.2721145857118,649.0839622751768,11.2708583154714,8.833187945053421,2.4376703704179796,88.49104859335036,78.5479106524665,677.0203975494941,657.4,637.7796024505059,0
2022-01-17,688.0,678.0,685.0,683.0,59614236.0,679.6339721679688,683.0,667.1814097238079,655.250514588781,12.965320367692357,9.659614429581207,3.3057059381111493,91.31436371174745,86.03733589017219,687.4762315624769,665.4,643.3237684375231,0
2022-01-18,681.0,662.0,678.0,662.0,43593330.0,658.7374877929688,662.0,665.4542731492053,656.4776937544572,10.650310822652614,9.857753708195489,0.7925571144571251,82.33547160845805,87.38029463785192,685.2453960000865,667.6,649.9546039999135,0
2022-01-19,660.0,651.0,652.0,654.0,40381333.0,650.7769165039062,654.0,661.6361820994701,656.0272039809195,7.728038643885611,9.431810695333514,-1.7037720514479027,64.48087431693988,79.37690321238176,686.583161298471,666.4,646.2168387015289,0
2022-01-20,657.0,646.0,650.0,651.0,46474584.0,647.7916870117188,651.0,658.0907880663134,655.1131668934796,5.226531782262214,8.590754912719254,-3.36422313045704,46.99453551912567,64.60362714817451,688.016943070601,664.4,640.783056929399,0
2022-01-21,646.0,637.0,644.0,641.0,49577684.0,637.8409423828125,641.0,652.3938587108756,652.5471365492106,2.1662130512914928,7.305846540433701,-5.139633489142208,30.483231543983702,47.319547126683055,686.4106362920061,658.2,629.989363707994,0
2022-01-24,655.0,637.0,639.0,653.0,47134502.0,649.7817993164062,653.0,652.5959058072505,652.629475358445,1.8037692885601473,6.20543109005899,-4.401661801498843,26.186649523197243,34.554805528768846,665.6699665923755,652.2,638.7300334076245,0
2022-01-25,645.0,638.0,643.0,641.0,52318736.0,637.8409423828125,641.0,648.7306038715003,650.5150252932732,-0.07699427302736694,4.948946017441719,-5.0259402904690855,15.686274509803907,24.11871852566159,659.5931013969475,648.0,636.4068986030525,0
2022-01-26,641.0,635.0,635.0,636.0,29957189.0,632.8656005859375,636.0,644.4870692476669,647.8759297854053,-1.8696757982494319,3.5852216543034885,-5.45489745255292,13.700826242446647,18.524583425149235,657.398461447416,644.4,631.4015385525839,0
2022-02-07,644.0,631.0,644.0,635.0,56836469.0,631.8705444335938,635.0,641.3247128317779,645.5348516426044,-3.002849212471574,2.2676074809484756,-5.27045669342005,5.582491189127075,11.656530647125843,653.9999999999942,641.2,628.4000000000059,1
2022-02-08,645.0,628.0,645.0,628.0,39718217.0,624.905029296875,628.0,636.8831418878519,642.3466967984945,-4.478817794145584,0.9183224259296636,-5.397140220075248,2.9681121041597542,7.417143178577792,655.2180624622703,638.6,621.9819375377298,1
2022-02-09,637.0,630.0,635.0,633.0,30048791.0,629.88037109375,633.0,635.588761258568,640.6472973805863,-4.514674945964202,-0.16827704844910962,-4.346397897515093,7.5475146198830245,5.3660393043899175,643.0474848327694,634.6,626.1525151672306,1
2022-02-10,649.0,637.0,639.0,649.0,34587133.0,645.801513671875,649.0,640.0591741723787,642.165970584116,-2.2280094906473096,-0.5802235368887496,-1.64778595375856,29.346264367816076,13.287297030619584,650.1370011121388,636.2,622.2629988878613,0
2022-02-11,650.0,642.0,646.0,650.0,26723278.0,646.796630859375,650.0,643.3727827815858,643.5903395688222,-0.6161563257570606,-0.5874100946624118,-0.0287462310946488,56.50675819497658,31.133512394225193,656.7538728169365,639.0,621.2461271830635,0
2022-02-14,641.0,635.0,640.0,637.0,27826382.0,633.8606567382812,637.0,641.2485218543906,642.3920960108545,-1.3291612777130695,-0.7357603312725434,-0.5934009464405261,62.40953597275435,49.4208528451823,656.8631039623534,639.4,621.9368960376465,1
2022-02-15,639.0,633.0,633.0,633.0,21970460.0,629.88037109375,633.0,638.4990145695937,640.6844421906992,-2.229146192512303,-1.0344375035204953,-1.1947086889918077,45.84736251402916,54.92121889391999,655.5578362571974,640.4,625.2421637428025,1
2022-02-16,646.0,640.0,645.0,646.0,25191741.0,642.8163452148438,646.0,640.9993430463958,641.6509072469357,-0.9608229567311355,-1.0197145941626233,0.05889163743148784,45.95959595959594,51.40549814879311,656.5646599662506,643.0,629.4353400337494,0
2022-02-17,646.0,641.0,644.0,645.0,18135080.0,641.8212280273438,645.0,642.3328953642639,642.2598332020383,-0.28388812382024753,-0.8725493000941482,0.5886611762739007,60.60606060606059,50.80433969322852,654.6835892274465,642.2,629.7164107725536,0
2022-02-18,639.0,636.0,638.0,637.0,20804191.0,633.8606567382812,637.0,640.5552635761759,641.3034998925768,-0.9172181424423798,-0.8814830685637945,-0.03573507387858521,66.66666666666664,57.74410774410768,649.6876161703237,639.6,629.5123838296763,0
2022-02-21,636.0,632.0,633.0,632.0,23797502.0,628.8853149414062,632.0,637.703509050784,639.6119544575629,-1.9190234001836188,-1.0889911348877594,-0.8300322652958594,42.72727272727271,56.66666666666661,650.3711511756422,638.6,626.8288488243578,0
2022-02-22,630.0,625.0,628.0,627.0,34086593.0,623.9099731445312,627.0,634.1356727005226,637.3188718289151,-3.099498076832333,-1.491092523276674,-1.608405553555659,19.636363636363622,43.01010101010095,652.0751490622788,637.4,622.7248509377212,0
2022-02-23,629.0,623.0,624.0,625.0,31953054.0,621.9197998046875,625.0,631.0904484670151,635.0790769509306,-3.9404663725284763,-1.9809672931270346,-1.9594990794014417,8.46913580246912,23.610924055368447,647.6443760682107,633.2,618.7556239317894,0
2022-02-24,619.0,604.0,618.0,604.0,73663161.0,601.0233154296875,604.0,622.0602989780101,629.428335687125,-7.044767370035856,-2.9937273085087988,-4.051040061527058,5.135802469135787,11.080433969322806,647.5920339943067,625.0,602.4079660056933,0
2022-02-25,609.0,600.0,600.0,604.0,89012516.0,601.0233154296875,604.0,616.0401993186734,624.8050019258295,-8.611333143472848,-4.117248475501609,-4.494084667971239,5.367686527106802,6.3242082662372,642.353287874528,618.4,594.446712125472,0
2022-03-01,610.0,599.0,599.0,604.0,66720867.0,601.0233154296875,604.0,612.0267995457823,621.0222743029515,-9.179638472760189,-5.1297264749533245,-4.0499119978068645,6.444650015417808,5.649379670553429,634.3925913220304,612.8,591.2074086779695,0
2022-03-02,605.0,600.0,601.0,601.0,40693457.0,598.0380859375,601.0,608.3511996971882,617.3818607933239,-9.515223519131155,-6.00682588378889,-3.5083976353422646,7.863089731729865,6.558475424751456,625.154486605991,607.6,590.045513394009,0
2022-03-03,607.0,601.0,603.0,602.0,33792420.0,599.0331420898438,602.0,606.2341331314589,614.5851588309014,-9.167929930932019,-6.639046693217516,-2.5288832377145027,7.464539007092184,7.25742625141325,605.5298221281163,603.0,600.4701778718837,0
2022-03-04,597.0,592.0,595.0,595.0,55917115.0,592.0676879882812,595.0,602.4894220876392,611.0242208616465,-9.478118204836619,-7.206860995541336,-2.2712572092952827,6.191166989039314,7.172931909287086,607.8211781428876,601.2,594.5788218571125,0
2022-03-07,581.0,575.0,580.0,576.0,86496560.0,573.1613159179688,576.0,593.6596147250929,604.6561807049835,-11.75446855918176,-8.116382508269421,-3.6380860509123387,5.378787878787864,6.3448312916397525,616.0978047605083,595.6,575.1021952394917,1
2022-03-08,570.0,561.0,561.0,563.0,79029914.0,560.225341796875,563.0,583.4397431500619,597.0823296677138,-14.327890485030707,-9.358684103621679,-4.969206381409029,3.8591800356506085,5.143044967825893,618.1402016909485,587.4,556.6597983090514,1
2022-03-09,573.0,567.0,567.0,568.0,52155415.0,565.2007446289062,568.0,578.2931621000413,591.794633364493,-14.594117341971014,-10.405770751291545,-4.188346590679469,5.609441268670463,4.949136394369609,611.1947363864219,580.8,550.405263613578,1
2022-03-10,589.0,582.0,585.0,587.0,45630467.0,584.1071166992188,587.0,581.1954414000276,590.9228818436761,-11.608029515199974,-10.646222504073231,-0.9618070111267425,22.69045549254183,10.71969226562093,601.4440267298114,577.8,554.1559732701885,0
2022-03-11,582.0,574.0,581.0,575.0,38943098.0,572.166259765625,575.0,579.130294266685,588.0278124175532,-10.875425685164714,-10.692063140291527,-0.18336254487318726,31.23387285948861,19.84458987356693,590.0677595261342,573.8,557.5322404738657,0
2022-03-14,577.0,572.0,574.0,572.0,33919577.0,569.1810302734375,572.0,576.7535295111234,585.1136647052707,-10.350206856674617,-10.623691883568146,0.27348502689352827,35.1818988464951,29.70207573284181,589.1493033905505,573.0,556.8506966094495,1
2022-03-15,563.0,558.0,562.0,558.0,74092231.0,555.25,558.0,570.5023530074155,580.1839074861306,-11.423966603997087,-10.783746827653934,-0.6402197763431534,17.49482401656313,27.970198574182245,590.8891503249894,572.0,553.1108496750106,1
2022-03-16,565.0,555.0,564.0,558.0,43438327.0,558.0,558.0,566.3349020049437,576.1504697613796,-11.57078989725801,-10.941155441574749,-0.6296344556832612,10.351966873705985,21.009563245588033,592.0181743112377,570.0,547.9818256887623,0
2022-03-17,583.0,575.0,578.0,582.0,60959900.0,582.0,582.0,571.5566013366291,577.214020713856,-7.986087936162562,-10.35014194049231,2.3640540043297484,28.851540616246478,18.899443835505156,588.0997382181025,569.0,549.9002617818975,0
2022-03-18,582.0,576.0,582.0,581.0,47150018.0,581.0,581.0,574.704400891086,577.9023805840641,-5.60034112731762,-9.400181777857373,3.7998406505397533,54.34173669467785,31.1817480615434,591.3054495332354,570.2,549.0945504667646,0
